{
  "id": "pf2e-es",
  "name": "pf2e-es",
  "title": "Translation: Spanish [PF2E] [UNOFFICIAL]",
  "description": "Traduccion al español de [PF2E] [UNOFFICIAL]",
  "author": "Allnnde",
  "authors": [],
  "version": "v5.0.0-beta",
  "url": "https://github.com/allnnde/pf2e-esp-translation",
  "changelog": "https://github.com/allnnde/pf2e-esp-translation/releases/latest",
  "manifest": "https://github.com/allnnde/pf2e-esp-translation/releases/download/v5.0.0-beta/module.json",
  "download": "https://github.com/allnnde/pf2e-esp-translation/releases/download/v5.0.0-beta/PF2E-esp.zip",
  "bugs": "https://github.com/allnnde/pf2e-esp-translation/issues",
  "license": "https://raw.githubusercontent.com/allnnde/pf2e-esp-translation/main/LICENSE",
  "readme": "https://raw.githubusercontent.com/allnnde/pf2e-esp-translation/main/README.md",
  "scripts": [
    "main.js"
  ],
  "styles": [
    "styles/pf2e.css"
  ],
  "languages": [
    {
      "lang": "es",
      "name": "Español",
      "path": "translation/es/es.json"
    },
    {
      "lang": "es",
      "name": "Español",
      "path": "translation/es/re-es.json"
    },
    {
      "lang": "es",
      "name": "Español",
      "path": "translation/es/action-es.json"
    },
    {
      "lang": "es",
      "name": "Español",
      "path": "translation/es/kingmaker-es.json"
    }
  ],
  "relationships": {
    "systems": [
      {
        "id": "pf2e",
        "type": "system"
      }
    ]
  },
  "compatibility": {
    "minimum": 10,
    "verified": "11"
  },
  "socket": false,
  "protected": false,
  "coreTranslation": false,
  "library": false
}
